ID;Iconography ;Motif represented;Technique ;Narrow juxtaposition;With overlap;Number of overlaps;Type of overlap;Phases involved;Cultural attribution;Decorative phase
PM.I.1;Hand;Negative hand;Paint;;Yes;1;Overlapping without consideration;1;Aurignacian-Gravettian ;1
PM.I.2;Hand;Negative hand;Paint;;Yes;1;Overlapping without consideration;1;Aurignacian-Gravettian ;1
PM.I.3;Hand;Negative hand;Paint;;Yes;1;Overlapping without consideration;1;Aurignacian-Gravettian ;1
PM.I.4;Hand;Negative hand;Paint;;Yes;1;Overlapping without consideration;1;Aurignacian-Gravettian ;1
PM.I.5;Hand;Negative hand;Paint;Yes;;;;;Aurignacian-Gravettian ;1
PM.I.6;Hand;Negative hand;Paint;;Yes;1;Overlapping without consideration;1;Aurignacian-Gravettian ;1
PM.I.7;Line;Bundle of lines;Engraved;;Yes;2;Overlapping without consideration;1&4/3&4;Lower Magdalenian ;4
PM.I.8;Hand;Negative hand;Paint;Yes;;;;;Aurignacian-Gravettian ;1
PM.I.9;Hand;Negative hand;Paint;Yes;;;;;Aurignacian-Gravettian ;1
PM.I.10;Hand;Negative hand;Paint;Yes;;;;;Aurignacian-Gravettian ;1
PM.I.11;Hand;Negative hand;Paint;Yes;;;;;Aurignacian-Gravettian ;1
PM.I.12;Hand;Negative hand;Paint;Yes;;;;;Aurignacian-Gravettian ;1
PM.I.13;Line;Angular line;Paint;Yes;;;;;Gravetto-solutrean ;3
PM.I.14;Zoomorph;Possible aurochs;Paint;;Yes;3;Overlapping without consideration;2&3/3&4;Gravetto-solutrean ;3
PM.I.15;Line;Straight;Engraved;;Yes;1;Overlapping without consideration;3&4;Lower Magdalenian ;4
PM.I.16;Hand;Negative hand;Paint;;Yes;1;Overlapping without consideration;1&2;Aurignacian-Gravettian ;1
PM.I.17;Hand;Negative hand;Paint;;Yes;1;Overlapping without consideration;1&2;Aurignacian-Gravettian ;1
PM.I.18;Zoomorph;Bison;Paint;;Yes;1;Overlapping without consideration;1&2&4;Gravetian ;2
PM.I.19;Zoomorph;Possible bison;Paint;;Yes;1;Overlapping without consideration;2;Gravetian ;2
PM.I.20;Zoomorph;Hind;Engraved;;Yes;2;Overlapping without consideration;1&4/4;Lower Magdalenian ;4
PM.I.21;Zoomorph;Hind;Engraved;;Yes;2;Overlapping without consideration;1&4/4;Lower Magdalenian ;4
PM.I.22;Zoomorph;Hind;Engraved;;Yes;2;Overlapping without consideration;1&4/4;Lower Magdalenian ;4
PM.I.23;Zoomorph;Indeterminate;Engraved;Yes;;;;;Lower Magdalenian ;4
PM.I.24;Hand;Negative hand;Paint;;Yes;2;Overlapping without consideration;1&2;Aurignacian-Gravettian ;1
PM.I.25;Zoomorph;Hind;Engraved;;Yes;1;Overlapping without consideration;1&4;Lower Magdalenian ;4
PM.I.26;Hand;Negative hand;Paint;Yes;;;;;Aurignacian-Gravettian ;1
PM.I.27;Hand;Negative hand;Paint;;Yes;1;Overlapping without consideration;1&2;Aurignacian-Gravettian ;1
PM.I.28;Hand;Negative hand;Paint;;Yes;1;Overlapping without consideration;1&2;Aurignacian-Gravettian ;1
PM.I.29;Zoomorph;Bison;Paint;;Yes;2;Overlapping without consideration;1&2/2;Gravetian ;2
PM.I.30;Line;Curved;Engraved;;Yes;1;Overlapping without consideration;1&2&4;Lower Magdalenian ;4
PM.I.31;Line;Straight;Engraved;;Yes;1;Overlapping without consideration;1&4;Lower Magdalenian ;4
PM.I.32;Line;Straight;Paint;Yes;;;;;Gravetian ;2
PM.I.33;Zoomorph;Bison;Paint;;Yes;1;Overlapping without consideration;2;Gravetian ;2
PM.I.34;Zoomorph;Bison;Paint;;Yes;2;Overlapping without consideration;1&2/2;Gravetian ;2
PM.I.35;Zoomorph;Horse;Paint;;Yes;2;Overlapping without consideration;1&2/2;Gravetian ;2
PM.I.36;Line;Straight;Paint;Yes;;;;;Gravetto-solutrean ;3
PM.I.37;Line;Straight;Paint;Yes;;;;;Gravetto-solutrean ;3
PM.I.38;Hand;Negative hand;Paint;;Yes;2;Overlapping without consideration;1/1&2;Aurignacian-Gravettian ;1
PM.I.39;Hand;Negative hand;Paint;;Yes;2;Overlapping without consideration;1/1&2;Aurignacian-Gravettian ;1
PM.I.40;Hand;Negative hand;Paint;;Yes;2;Overlapping without consideration;1/1&2;Aurignacian-Gravettian ;1
PM.I.41;Hand;Negative hand;Paint;Yes;;;;;Aurignacian-Gravettian ;1
PM.I.42;Hand;Negative hand;Paint;;Yes;2;Overlapping without consideration;1/1&2;Aurignacian-Gravettian ;1
PM.I.43;Hand;Negative hand;Paint;;Yes;2;Overlapping without consideration;1/1&2;Aurignacian-Gravettian ;1
PM.I.44;Hand;Negative hand;Paint;;Yes;2;Overlapping without consideration;1/1&2;Aurignacian-Gravettian ;1
PM.I.45;Zoomorph;Possible aurochs;Paint;;Yes;1;Overlapping without consideration;1&2/2;Gravetian ;2
PM.I.46;Non figurative;Disc;Paint;Yes;;;;;Aurignacian-Gravettian ;1
PM.I.47;Non figurative;Disc;Paint;Yes;;;;;Aurignacian-Gravettian ;1
PM.I.48;Non figurative;Disc;Paint;Yes;;;;;Aurignacian-Gravettian ;1
PM.I.49;Non figurative;Disc;Paint;Yes;;;;;Aurignacian-Gravettian ;1
PM.I.50;Non figurative;Disc;Paint;Yes;;;;;Aurignacian-Gravettian ;1
PM.I.51;Non figurative;Disc;Paint;;Yes;1;Overlapping without consideration;1&2;Aurignacian-Gravettian ;1
PM.I.52;Non figurative;Disc;Paint;;Yes;2;Overlapping without consideration;1/1&2;Aurignacian-Gravettian ;1
PM.I.53;Non figurative;Disc;Paint;;Yes;1;Overlapping without consideration;1&2;Aurignacian-Gravettian ;1
PM.I.54;Non figurative;Disc;Paint;;Yes;1;Overlapping without consideration;1&2;Aurignacian-Gravettian ;1
PM.I.55;Hand;Negative hand;Paint;Yes;;;;;Aurignacian-Gravettian ;1
PM.I.56;Hand;Negative hand;Paint;;Yes;1;Overlapping without consideration;1&2;Aurignacian-Gravettian ;1
PM.I.57;Dot;Dot;Paint;Yes;;;;;Gravetto-solutrean ;3
PM.I.58;Non figurative;Stain;Paint;Yes;;;;;Aurignacian-Gravettian ;1
PM.I.59;Hand;Negative hand;Paint;Yes;;;;;Aurignacian-Gravettian ;1
PM.I.60;Non figurative;Disc;Paint;Yes;;;;;Aurignacian-Gravettian ;1
PM.I.61;Non figurative;Disc;Paint;Yes;;;;;Aurignacian-Gravettian ;1
PM.I.62;Non figurative;Disc;Paint;Yes;;;;;Aurignacian-Gravettian ;1
PM.I.63;Non figurative;Disc;Paint;Yes;;;;;Aurignacian-Gravettian ;1
PM.I.64;Non figurative;Disc;Paint;Yes;;;;;Aurignacian-Gravettian ;1
PM.I.65;Non figurative;Disc;Paint;Yes;;;;;Aurignacian-Gravettian ;1
PM.I.66;Non figurative;Disc;Paint;Yes;;;;;Aurignacian-Gravettian ;1
PM.I.67;Non figurative;Disc;Paint;Yes;;;;;Aurignacian-Gravettian ;1
PM.I.68;Non figurative;Disc;Paint;Yes;;;;;Aurignacian-Gravettian ;1
PM.I.69;Non figurative;Disc;Paint;;Yes;1;Overlapping without consideration;1/1&2;Aurignacian-Gravettian ;1
PM.I.70;Non figurative;Disc;Paint;;Yes;1;Overlapping without consideration;1/1&2;Aurignacian-Gravettian ;1
PM.I.71;Non figurative;Disc;Paint;Yes;;;;;Aurignacian-Gravettian ;1
PM.I.72;Non figurative;Disc;Paint;;Yes;1;Overlapping without consideration;1/1&2;Aurignacian-Gravettian ;1
PM.I.73;Non figurative;Disc;Paint;;Yes;1;Overlapping without consideration;1/1&2;Aurignacian-Gravettian ;1
PM.I.74;Non figurative;Disc;Paint;Yes;;;;;Aurignacian-Gravettian ;1
PM.I.75;Non figurative;Disc;Paint;;Yes;1;Overlapping without consideration;1/1&2;Aurignacian-Gravettian ;1
PM.I.76;Non figurative;Disc;Paint;;Yes;1;Overlapping without consideration;1/1&2;Aurignacian-Gravettian ;1
PM.I.77;Non figurative;Disc;Paint;Yes;;;;;Aurignacian-Gravettian ;1
PM.I.78;Non figurative;Disc;Paint;Yes;;;;;Aurignacian-Gravettian ;1
PM.I.79;Dot;Dot;Paint;Yes;;;;;Gravetto-solutrean ;3
PM.I.80;Hand;Negative hand;Paint;;Yes;2;Overlapping without consideration;1&2/1&3;Aurignacian-Gravettian ;1
PM.I.81;Non figurative;Stick;Paint;;Yes;1;Overlapping without consideration;1&3;Gravetto-solutrean ;3
PM.I.82;Dot;Dot;Paint;Yes;;;;;Gravetto-solutrean ;3
PM.I.83;Zoomorph;Bison;Paint;;Yes;3;Overlapping without consideration;1&2/2&3;Gravetian ;2
PM.I.84;Fingerings;Fingerings;Paint;;Yes;1;Overlapping without consideration;2&3;Gravetto-solutrean ;3
PM.I.85;Zoomorph;Indeterminate;Engraved;Yes;;;;;Lower Magdalenian ;4
PM.I.86;Dot;Dot;Paint;;Yes;1;Overlapping without consideration;2&3;Gravetto-solutrean ;3
PM.I.87;Non figurative;Stain;Paint;;Yes;1;Overlapping without consideration;2&3;Gravetto-solutrean ;3
PM.I.88;Line;Curved;Paint;;Yes;2;Overlapping without consideration;1&3/2&3;Gravetto-solutrean ;3
PM.I.89;Zoomorph;Possible bison;Paint;;Yes;3;Overlapping without consideration;1&2/2/2&3;Gravetian ;2
PM.I.90;Hand;Negative hand;Paint;;Yes;1;Overlapping without consideration;1;Aurignacian-Gravettian ;1
PM.I.91;Line;Straight;Paint;;Yes;1;Overlapping without consideration;1;Aurignacian-Gravettian ;1
PM.I.92;Non figurative;Stain;Paint;Yes;;;;;Gravetto-solutrean ;3
PM.I.93;Non figurative;Disc;Paint;Yes;;;;;Aurignacian-Gravettian ;1
PM.I.94;Line;Curved;Paint;Yes;;;;;Gravetto-solutrean ;3
PM.I.95;Non figurative;Stain;Paint;Yes;;;;;Gravetto-solutrean ;3
PM.I.96;Non figurative;Stain;Paint;Yes;;;;;Gravetto-solutrean ;3
PM.I.97;Line;Straight;Paint;Yes;;;;;Gravetto-solutrean ;3
PM.I.98;Non figurative;Disc;Paint;Yes;;;;;Aurignacian-Gravettian ;1
PM.I.99;Dot;Dot;Paint;Yes;;;;;Gravetto-solutrean ;3
PM.I.100;Line;Curved;Paint;Yes;;;;;Gravetian ;2
PM.I.101;Line;Curved;Paint;;Yes;1;Overlapping without consideration;2;Gravetian ;2
PM.I.102;Zoomorph;Bison;Paint;;Yes;9;Overlapping without consideration / Overlapping with assimilation;1&2/2/2&3/2&4;Gravetian ;2
PM.I.103;Line;Straight;Engraved;;Yes;1;Overlapping without consideration;2&4;Lower Magdalenian ;4
PM.I.104;Line;Straight;Engraved;;Yes;1;Overlapping without consideration;2&4;Lower Magdalenian ;4
PM.I.105;Line;Straight;Engraved;;Yes;1;Overlapping without consideration;2&4;Lower Magdalenian ;4
PM.I.106;Zoomorph;Hind;Engraved;;Yes;1;Overlapping without consideration;2&4;Lower Magdalenian ;4
PM.I.107;Zoomorph;Deer;Engraved;;Yes;1;Overlapping without consideration;2&4;Lower Magdalenian ;4
PM.I.108;Zoomorph;Deer;Engraved;;Yes;1;Overlapping without consideration;2&4;Lower Magdalenian ;4
PM.I.109;Fingerings;Fingerings;Paint;Yes;;;;;Gravetto-solutrean ;3
PM.I.110;Line;Curved;Engraved;Yes;;;;;Lower Magdalenian ;4
PM.I.111;Line;Straight;Engraved;;Yes;1;Overlapping without consideration;4;Lower Magdalenian ;4
PM.I.112;Line;Straight;Engraved;;Yes;1;Overlapping without consideration;4;Lower Magdalenian ;4
PM.I.113;Zoomorph;Bovid;Paint;;Yes;2;Overlapping without consideration;1&2/2;Gravetian ;2
PM.I.114;Dot;Dot;Paint;Yes;;;;;Gravetto-solutrean ;3
PM.I.115;Zoomorph;Bison;Paint;;Yes;1;Overlapping without consideration;2;Gravetian ;2
PM.I.116;Dot;"
Row of stitches";Paint;;Yes;1;Overlapping without consideration;2&3;Gravetto-solutrean ;3
PM.I.117;Dot;Dot;Paint;Yes;;;;;Gravetto-solutrean ;3
PM.I.118;Zoomorph;Bison;Paint;;Yes;1;Overlapping without consideration;1&2;Gravetian ;2
PM.I.119;Hand;Negative hand;Paint;;Yes;1;Overlapping without consideration;1&2;Aurignacian-Gravettian ;1
PM.I.120;Zoomorph;Bison;Paint;Yes;;;;;Gravetian ;2
PM.I.121;Non figurative;Stain;Paint;Yes;;;;;Aurignacian-Gravettian ;1
PM.I.122;Zoomorph;Possible bison;Paint;;Yes;1;Overlapping without consideration;1&2;Gravetian ;2
PM.I.123;Dot;Dot;Paint;Yes;;;;;Gravetto-solutrean ;3
PM.I.124;Hand;Negative hand;Paint;;Yes;2;Overlapping without consideration;1/1&2;Aurignacian-Gravettian ;1
PM.I.125;Hand;Negative hand;Paint;;Yes;1;Overlapping without consideration;1;Aurignacian-Gravettian ;1
PM.I.126;Hand;Negative hand;Paint;;Yes;2;Overlapping without consideration;1/1&2;Aurignacian-Gravettian ;1
PM.I.127;Zoomorph;Deer;Engraved;;Yes;2;Overlapping without consideration;1&4/2&4;Lower Magdalenian ;4
PM.I.128;Zoomorph;Bison;Paint;;Yes;2;Overlapping without consideration;1&2;Gravetian ;2
PM.I.129;Hand;Negative hand;Paint;;Yes;1;Overlapping without consideration;1;Aurignacian-Gravettian ;1
PM.I.130;Zoomorph;Indeterminate;Engraved;;Yes;1;Overlapping without consideration;1&4;Lower Magdalenian ;4
PM.I.131;Hand;Negative hand;Paint;;Yes;1;Overlapping without consideration;1;Aurignacian-Gravettian ;1
PM.I.132;Hand;Negative hand;Paint;;Yes;1;Overlapping without consideration;1&2;Aurignacian-Gravettian ;1
PM.I.133;Zoomorph;Bison;Paint;;Yes;1;Overlapping without consideration;2&4;Gravetian ;2
PM.I.134;Sign;Quadrangular;Engraved;;Yes;1;Overlapping without consideration;2&4;Lower Magdalenian ;4
PM.I.135;Dot;"
Row of stitches";Paint;;Yes;1;Overlapping without consideration;2&3;Gravetto-solutrean ;3
PM.I.136;Line;Curved;Engraved;;Yes;2;Overlapping without consideration;2&4/4;Lower Magdalenian ;4
PM.I.137;Line;Curved;Engraved;;Yes;2;Overlapping without consideration;2&4/4;Lower Magdalenian ;4
PM.I.138;Line;Curved;Engraved;;Yes;2;Overlapping without consideration;2&4/4;Lower Magdalenian ;4
PM.I.139;Line;Curved;Engraved;;Yes;1;Overlapping without consideration;2&4;Lower Magdalenian ;4
PM.I.140;Line;Curved;Engraved;;Yes;1;Overlapping without consideration;2&4;Lower Magdalenian ;4
PM.I.141;Line;Curved;Engraved;;Yes;1;Overlapping without consideration;2&4;Lower Magdalenian ;4
PM.I.142;Line;Curved;Engraved;;Yes;1;Overlapping without consideration;2&4;Lower Magdalenian ;4
PM.I.143;Line;Curved;Engraved;;Yes;1;Overlapping without consideration;2&4;Lower Magdalenian ;4
PM.I.144;Line;Curved;Engraved;;Yes;1;Overlapping without consideration;2&4;Lower Magdalenian ;4
PM.I.145;Line;Lines;Engraved;;Yes;1;Overlapping without consideration;2&4;Lower Magdalenian ;4
PM.I.146;Non figurative;Stain;Paint;;Yes;2;Overlapping without consideration;2&3/3&4;Gravetto-solutrean ;3
PM.I.147;Zoomorph;Deer;Engraved;;Yes;2;Overlapping without consideration;1&2/1&4;Lower Magdalenian ;4
PM.I.148;Zoomorph;Hind;Engraved;Yes;;;;;Lower Magdalenian ;4
PM.I.149;Zoomorph;Deer;Engraved;;Yes;1;Overlapping without consideration;4;Lower Magdalenian ;4
PM.I.150;Non figurative;Stain;Paint;;Yes;1;Overlapping without consideration;2&3;Gravetto-solutrean ;3
PM.I.151;Zoomorph;Horse;Paint;Yes;;;;;Gravetian ;2
PM.I.152;Hand;Negative hand;Paint;Yes;;;;;Aurignacian-Gravettian ;1
PM.I.153;Line;Straight;Engraved;Yes;;;;;Lower Magdalenian ;4
PM.I.154;Line;Curved;Engraved;Yes;;;;;Lower Magdalenian ;4
PM.I.155;Line;Curved;Engraved;Yes;;;;;Lower Magdalenian ;4
PM.I.156;Line;Straight;Engraved;Yes;;;;;Lower Magdalenian ;4
PM.I.157;Line;Curved;Engraved;Yes;;;;;Lower Magdalenian ;4
PM.I.158;Line;Curved;Engraved;Yes;;;;;Lower Magdalenian ;4
PM.I.159;Line;Straight;Engraved;Yes;;;;;Lower Magdalenian ;4
PM.I.160;Line;Straight;Engraved;Yes;;;;;Lower Magdalenian ;4
PM.I.161;Line;Straight;Engraved;Yes;;;;;Lower Magdalenian ;4
PM.I.162;Line;Curved;Engraved;Yes;;;;;Lower Magdalenian ;4
PM.I.163;Line;Curved;Engraved;Yes;;;;;Lower Magdalenian ;4
PM.I.164;Line;Curved;Engraved;Yes;;;;;Lower Magdalenian ;4
PM.I.165;Line;Straight;Paint;Yes;;;;;Gravetian ;2
PM.I.166;Zoomorph;Bison;Paint;;Yes;1;Overlapping without consideration;1&2;Gravetian ;2
PM.I.167;Non figurative;Stain;Paint;;Yes;1;Overlapping without consideration;2&3;Gravetto-solutrean ;3
PM.I.168;Dot;Dot;Paint;Yes;;;;;Gravetto-solutrean ;3
PM.I.169;Hand;Negative hand;Paint;;Yes;1;Overlapping without consideration;1&2;Aurignacian-Gravettian ;1
PM.I.170;Line;Straight;Paint;;Yes;1;Overlapping without consideration;1&2;Gravetian ;2
PM.I.171;Dot;Dot;Paint;Yes;;;;;Gravetian ;2
PM.I.172;Hand;Negative hand;Paint;Yes;;;;;Aurignacian-Gravettian ;1
PM.I.173;Dot;Dot;Paint;Yes;;;;;Gravetian ;2
PM.I.174;Line;Straight;Paint;Yes;;;;;Gravetian ;2
PM.I.175;Non figurative;Disc;Paint;Yes;;;;;Aurignacian-Gravettian ;1
PM.I.176;Zoomorph;Indeterminate;Paint;Yes;;;;;Gravetto-solutrean ;3
PM.I.177;Dot;Dot;Paint;Yes;;;;;Gravetto-solutrean ;3
PM.I.178;Dot;Dot;Paint;Yes;;;;;Gravetto-solutrean ;3
PM.I.179;Dot;Dot;Paint;Yes;;;;;Gravetto-solutrean ;3
PM.I.180;Non figurative;Stain;Paint;Yes;;;;;Gravetto-solutrean ;3
PM.I.181;Non figurative;Stain;Paint;Yes;;;;;Gravetto-solutrean ;3
PM.I.182;Non figurative;Disc;Paint;Yes;;;;;Aurignacian-Gravettian ;1
PM.I.183;Non figurative;Disc;Paint;Yes;;;;;Aurignacian-Gravettian ;1
PM.I.184;Non figurative;Disc;Paint;Yes;;;;;Aurignacian-Gravettian ;1
PM.I.185;Non figurative;Disc;Paint;Yes;;;;;Aurignacian-Gravettian ;1
PM.I.186;Non figurative;Disc;Paint;Yes;;;;;Aurignacian-Gravettian ;1
PM.I.187;Non figurative;Disc;Paint;Yes;;;;;Aurignacian-Gravettian ;1
PM.I.188;Non figurative;Disc;Paint;Yes;;;;;Aurignacian-Gravettian ;1
PM.I.189;Non figurative;Disc;Paint;Yes;;;;;Aurignacian-Gravettian ;1
PM.I.190;Non figurative;Disc;Paint;Yes;;;;;Aurignacian-Gravettian ;1
PM.I.191;Non figurative;Disc;Paint;Yes;;;;;Aurignacian-Gravettian ;1
PM.I.192;Non figurative;Disc;Paint;Yes;;;;;Aurignacian-Gravettian ;1
PM.I.193;Non figurative;Disc;Paint;Yes;;;;;Aurignacian-Gravettian ;1
PM.I.194;Non figurative;Disc;Paint;Yes;;;;;Aurignacian-Gravettian ;1
PM.I.195;Non figurative;Disc;Paint;Yes;;;;;Aurignacian-Gravettian ;1
PM.I.196;Line;Straight;Paint;Yes;;;;;Gravetian ;2
PM.I.197;Non figurative;Stain;Paint;Yes;;;;;Gravetto-solutrean ;3
PM.I.198;Fingerings;Fingerings;Paint;Yes;;;;;Gravetto-solutrean ;3
PM.I.199;Dot;"
Row of stitches";Paint;Yes;;;;;Gravetto-solutrean ;3
PM.I.200;Line;Straight;Paint;;Yes;1;Overlapping without consideration;1&3;Gravetto-solutrean ;3
PM.I.201;Hand;Negative hand;Paint;;Yes;2;Overlapping without consideration;1/1&3;Aurignacian-Gravettian ;1
PM.I.202;Hand;Negative hand;Paint;;Yes;2;Overlapping without consideration;1/1&3;Aurignacian-Gravettian ;1
PM.I.203;Dot;"
Row of stitches";Paint;Yes;;;;;Gravetto-solutrean ;3
PM.I.204;Zoomorph;Hind;Engraved;Yes;;;;;Lower Magdalenian ;4
PM.I.205;Zoomorph;Indeterminate;Engraved;Yes;;;;;Lower Magdalenian ;4
PM.I.206;Fingerings;Fingerings;Paint;;Yes;1;Overlapping without consideration;2;Gravetian ;2
PM.I.207;Line;Straight;Paint;;Yes;1;Overlapping without consideration;2;Gravetian ;2
PM.I.208;Dot;Dot;Paint;Yes;;;;;Gravetian ;2
PM.I.209;Dot;Dot;Paint;Yes;;;;;Gravetian ;2
PM.I.210;Dot;Dot;Paint;Yes;;;;;Gravetian ;2
PM.I.211;Line;Straight;Paint;;Yes;1;Overlapping without consideration;1&2;Gravetian ;2
PM.I.212;Non figurative;Stain;Paint;;Yes;1;Overlapping without consideration;2;Gravetian ;2
PM.I.213;Non figurative;Stick;Paint;;Yes;2;Overlapping without consideration;2;Gravetian ;2
PM.I.214;Line;Straight;Paint;;Yes;1;Overlapping without consideration;2;Gravetian ;2
PM.I.215;Non figurative;Disc;Paint;Yes;;;;;Aurignacian-Gravettian ;1
PM.I.216;Non figurative;Disc;Paint;;Yes;1;Overlapping without consideration;1;Aurignacian-Gravettian ;1
PM.I.217;Non figurative;Disc;Paint;;Yes;1;Overlapping without consideration;1;Aurignacian-Gravettian ;1
PM.I.218;Non figurative;Disc;Paint;;Yes;1;Overlapping without consideration;1;Aurignacian-Gravettian ;1
PM.I.219;Non figurative;Disc;Paint;;Yes;1;Overlapping without consideration;1;Aurignacian-Gravettian ;1
PM.I.220;Non figurative;Disc;Paint;Yes;;;;;Aurignacian-Gravettian ;1
PM.I.221;Sign;Triangle;Paint;;Yes;2;Overlapping without consideration;1&2/2;Gravetian ;2
PM.I.222;Non figurative;Disc;Paint;Yes;;;;;Aurignacian-Gravettian ;1
PM.I.223;Non figurative;Disc;Paint;Yes;;;;;Aurignacian-Gravettian ;1
PM.I.224;Non figurative;Disc;Paint;Yes;;;;;Aurignacian-Gravettian ;1
PM.I.225;Dot;Dot;Paint;Yes;;;;;Gravetian ;2
PM.I.226;Line;Straight;Paint;Yes;;;;;Gravetian ;2
PM.I.227;Line;Curved;Engraved;Yes;;;;;Lower Magdalenian ;4
PM.I.228;Non figurative;Stain;Paint;Yes;;;;;Gravetto-solutrean ;3
PM.I.229;Non figurative;Stain;Paint;Yes;;;;;Gravetto-solutrean ;3
PM.I.230;Line;Curved;Engraved;Yes;;;;;Lower Magdalenian ;4
PM.I.231;Hand;Negative hand;Paint;Yes;;;;;Aurignacian-Gravettian ;1
PM.I.232;Line;Straight;Paint;Yes;;;;;Gravetto-solutrean ;3
PM.I.233;Line;Straight;Engraved;Yes;;;;;Lower Magdalenian ;4
PM.I.234;Line;Curved;Engraved;Yes;;;;;Lower Magdalenian ;4
PM.I.235;Line;Straight;Paint;;Yes;2;Overlapping without consideration;3/3&4;Gravetto-solutrean ;3
PM.I.236;Sign;Quadrangular;Paint;;Yes;1;Overlapping with integration;3&4;Gravetto-solutrean ;3
PM.I.237;Line;Straight;Paint;Yes;;;;;Gravetto-solutrean ;3
PM.I.238;Non figurative;Stick;Paint;;Yes;1;Overlapping without consideration;3&4;Gravetto-solutrean ;3
PM.I.239;Line;Curved;Paint;;Yes;1;Overlapping without consideration;3&4;Gravetto-solutrean ;3
PM.I.240;Line;Angular line;Engraved;;Yes;1;Overlapping with integration;3&4;Lower Magdalenian ;4
PM.I.241;Non figurative;Stain;Paint;Yes;;;;;Gravetto-solutrean ;3
PM.I.242;Non figurative;Disc;Paint;Yes;;;;;Aurignacian-Gravettian ;1
PM.I.243;Hand;Negative hand;Paint;;Yes;2;Overlapping without consideration;1&3;Aurignacian-Gravettian ;1
PM.I.244;Dot;"
Point cloud";Paint;;Yes;1;Overlapping without consideration;1&3;Gravetto-solutrean ;3
PM.I.245;Hand;Negative hand;Paint;;Yes;1;Overlapping without consideration;1&3;Aurignacian-Gravettian ;1
PM.I.246;Sign;Rectangle;Paint;;Yes;3;Overlapping without consideration;1&3/3;Gravetto-solutrean ;3
PM.I.247;Hand;Negative hand;Paint;Yes;;;;;Aurignacian-Gravettian ;1
PM.I.248;Dot;"
Row of stitches";Paint;Yes;;;;;Gravetto-solutrean ;3
PM.I.249;Dot;Dot;Paint;Yes;;;;;Gravetto-solutrean ;3
PM.I.250;Line;Curved;Paint;Yes;;;;;Gravetto-solutrean ;3
PM.I.251;Line;Curved;Paint;Yes;;;;;Gravetto-solutrean ;3
PM.I.252;Non figurative;Stain;Paint;;Yes;1;Overlapping without consideration;2&3;Gravetto-solutrean ;3
PM.I.253;Line;Straight;Paint;;Yes;1;Overlapping without consideration;2&3;Gravetian ;2
PM.I.254;Line;Straight;Engraved;;Yes;1;Overlapping without consideration;3&4;Lower Magdalenian ;4
PM.I.255;Line;Straight;Paint;;Yes;1;Overlapping without consideration;2&4;Gravetian ;2
PM.I.256;Sign;"""Comet""";Engraved;;Yes;1;Overlapping without consideration;2&4;Lower Magdalenian ;4
PM.I.257;Line;Straight;Engraved;;Yes;1;Overlapping with integration;2&4;Lower Magdalenian ;4
PM.I.258;Sign;Quadrangular;Paint;;Yes;1;Overlapping with integration;2&4;Gravetian ;2
PM.I.259;Sign;"""Comet""";Engraved;;Yes;1;Overlapping without consideration;4;Lower Magdalenian ;4
PM.I.260;Sign;Sprig;Engraved;Yes;;;;;Lower Magdalenian ;4
PM.I.261;Line;Curved;Paint;Yes;;;;;Gravetto-solutrean ;3
PM.I.262;Non figurative;Disc;Paint;Yes;;;;;Aurignacian-Gravettian ;1
PM.I.263;Non figurative;Disc;Paint;Yes;;;;;Aurignacian-Gravettian ;1
PM.I.264;Line;Straight;Paint;Yes;;;;;Gravetto-solutrean ;3
PM.I.265;Sign;Quadrangular;Paint;;Yes;1;Overlapping without consideration;3&4;Gravetto-solutrean ;3
PM.I.266;Zoomorph;Indeterminate;Engraved;Yes;;;;;Lower Magdalenian ;4
PM.I.267;Line;Angular line;Paint;;Yes;2;Overlapping without consideration;2&3/2&4;Gravetian ;2
PM.I.268;Dot;Dot;Paint;;Yes;1;Overlapping without consideration;2&3;Gravetto-solutrean ;3
PM.I.269;Line;Straight;Engraved;;Yes;1;Overlapping without consideration;2&4;Lower Magdalenian ;4
PM.I.270;Dot;Dot;Paint;Yes;;;;;Gravetto-solutrean ;3
PM.I.271;Zoomorph;Deer;Engraved;;Yes;3;Overlapping without consideration;3&4/4;Lower Magdalenian ;4
PM.I.272;Zoomorph;Cervid;Engraved;;Yes;1;Overlapping without consideration;4;Lower Magdalenian ;4
PM.I.273;Line;Straight;Paint;Yes;;;;;Gravetian ;2
PM.I.274;Line;Straight;Paint;Yes;;;;;Gravetto-solutrean ;3
PM.I.275;Non figurative;Stick;Paint;;Yes;1;Overlapping without consideration;2&4;Gravetian ;2
PM.I.276;Dot;Dot;Paint;;Yes;1;Overlapping without consideration;2&4;Gravetian ;2
PM.I.277;Non figurative;Stick;Paint;;Yes;1;Overlapping without consideration;2&4;Gravetian ;2
PM.I.278;Zoomorph;Indeterminate;Engraved;;Yes;3;Overlapping without consideration;2&4;Lower Magdalenian ;4
PM.I.279;Line;Straight;Engraved;Yes;;;;;Lower Magdalenian ;4
PM.I.280;Dot;"
Point cloud";Paint;Yes;;;;;Gravetto-solutrean ;3
PM.I.281;Dot;"
Row of stitches";Paint;Yes;;;;;Gravetto-solutrean ;3
PM.I.282;Non figurative;Stain;Paint;Yes;;;;;Gravetto-solutrean ;3
PM.I.283;Line;Bundle of lines;Paint;Yes;;;;;Gravetto-solutrean ;3
PM.I.284;Sign;Quadrangular;Paint;;Yes;1;Overlapping without consideration;3&4;Gravetto-solutrean ;3
PM.I.285;Line;Streak;Engraved;;Yes;1;Overlapping with integration;3&4;Lower Magdalenian ;4
PM.I.286;Sign;Quadrangular;Paint;;Yes;2;Overlapping without consideration / Overlapping with integration;2&3/3&4;Gravetto-solutrean ;3
PM.I.287;Line;Curved;Paint;;Yes;1;Overlapping without consideration;3&4;Gravetto-solutrean ;3
PM.I.288;Zoomorph;Hind;Engraved;;Yes;1;Overlapping without consideration;3&4;Lower Magdalenian ;4
PM.I.289;Line;Straight;Paint;;Yes;1;Overlapping without consideration;2&3;Gravetto-solutrean ;3
PM.I.290;Line;Straight;Paint;;Yes;1;Overlapping without consideration;2&3;Gravetian ;2
PM.I.291;Line;Straight;Paint;Yes;;;;;Gravetto-solutrean ;3
PM.I.292;Sign;Quadrangular;Paint;;Yes;3;Overlapping without consideration;2&4;Gravetian ;2
PM.I.293;Line;Straight;Paint;;Yes;1;Overlapping without consideration;3&4;Gravetto-solutrean ;3
PM.I.294;Line;Straight;Paint;Yes;;;;;Gravetto-solutrean ;3
PM.I.295;Dot;Dots;Paint;Yes;;;;;Gravetian ;2
PM.I.296;Zoomorph;Deer;Engraved;;Yes;4;Overlapping without consideration;2&4/3&4/4;Lower Magdalenian ;4
PM.I.297;Line;Straight;Engraved;Yes;;;;;Lower Magdalenian ;4
PM.I.298;Line;Double stroke;Engraved;;Yes;1;Overlapping without consideration;4;Lower Magdalenian ;4
PM.I.299;Zoomorph;Cervid;Engraved;;Yes;1;Overlapping without consideration;4;Lower Magdalenian ;4
PM.I.300;Zoomorph;Horse;Engraved;Yes;;;;;Lower Magdalenian ;4
PM.I.301;Line;Straight;Paint;Yes;;;;;Gravetto-solutrean ;3
PM.I.302;Line;Curved;Paint;;Yes;1;Overlapping without consideration;3&4;Gravetto-solutrean ;3
PM.I.303;Line;Streak;Engraved;;Yes;1;Overlapping without consideration;3&4;Lower Magdalenian ;4
PM.I.304;Dot;Dot;Paint;Yes;;;;;Gravetto-solutrean ;3
PM.I.305;Non figurative;Stain;Paint;Yes;;;;;Gravetto-solutrean ;3
PM.I.306;Zoomorph;Horse;Paint;Yes;;;;;Gravetto-solutrean ;3
PM.I.307;Non figurative;Stick;Paint;Yes;;;;;Gravetto-solutrean ;3
PM.I.308;Line;Curved;Paint;Yes;;;;;Gravetto-solutrean ;3
PM.I.309;Line;Curved;Paint;Yes;;;;;Gravetto-solutrean ;3
PM.I.310;Zoomorph;Hind;Paint/Engraved;;Yes;1;Overlapping with assimilation;2&4;Gravetian ;2
PM.I.311;Sign;Triangle;Paint;Yes;;;;;Gravetto-solutrean ;3
PM.I.312;Dot;Dot;Paint;Yes;;;;;Gravetian ;2
PM.I.313;Sign;Triangle;Paint;Yes;;;;;Gravetto-solutrean ;3
PM.I.314;Dot;Dot;Paint;Yes;;;;;Gravetto-solutrean ;3
PM.I.315;Sign;Triangle;Paint;Yes;;;;;Gravetto-solutrean ;3
PM.I.316;Sign;Triangle;Paint;;Yes;1;Overlapping with integration;3;Gravetto-solutrean ;3
PM.I.317;Sign;Circle;Paint;;Yes;1;Overlapping with integration;3;Gravetto-solutrean ;3
PM.I.318;Sign;Triangle;Paint;;Yes;1;Overlapping with integration;3;Gravetto-solutrean ;3
PM.I.319;Line;Curved;Paint;Yes;;;;;Gravetto-solutrean ;3
PM.I.320;Line;Curved;Paint;Yes;;;;;Gravetto-solutrean ;3
PM.I.321;Line;Curved;Paint;Yes;;;;;Gravetto-solutrean ;3
PM.I.322;Line;Curved;Paint;Yes;;;;;Gravetian ;2
PM.I.323;Dot;Dot;Paint;Yes;;;;;Gravetian ;2
PM.I.324;Line;Straight;Paint;;Yes;1;Overlapping without consideration;3&4;Gravetto-solutrean ;3
